Регион,№,Филиал,Адрес
Яккасарайский р-н,0101,YAKKASAROY,"Яккасарайский рн,улица Бобур 22Посмотреть на карте ..."
Яккасарайский р-н,0123,QUSHBEGI (SKLAD),"Яккасарайский р-н, массив Қушбеги, малая кольцевая дорога, 23 домаПосмотреть на карте ..."
Яккасарайский р-н,0129,YAKKASAROY 2,"Яккасарайский рн, Улица:Шота Руставели 122, 42Посмотреть на карте ..."
Яккасарайский р-н,0130,QUSHBEGI (PVZ),"Яккасарайский р-н, массив Қушбеги, 2-й домПосмотреть на карте ..."
Яккасарайский р-н,0135,JANUBIY VOKZAL,"Яккасарайский рн, ул. Малая кольцевая дорога 22AПосмотреть на карте ..."
Яккасарайский р-н,0157,YAKKASAROY ASKIYA,"Яккасарайский р-н, ул Шота Руставели, 55Посмотреть на карте ..."
Учтепинский р-н,0102,UCHTEPA,"Учтепиский р-н, ул. Лутфий 2АПосмотреть на карте ..."
Учтепинский р-н,0115,O'RIKZOR1,"Учтепинский рн, рынок Ўрикзор 4-блок, 59-магазинПосмотреть на карте ..."
Учтепинский р-н,0124,FARHOD,"Учтепинский рн, Фархадский базар, G 9 A-магазинПосмотреть на карте ..."
Учтепинский р-н,0138,O'RIKZOR 2,"Учтепинский р-н, рынок Ўрикзор 4-блок, 42-2 магазинПосмотреть на карте ..."
Учтепинский р-н,0144,UCHTEPA 2,"Учтепиский р-н, квартал 12, 41 домПосмотреть на карте ..."
Учтепинский р-н,0150,FARHOD CHORRAHA,"Учтепинский р-н, ул Фарход, 6АПосмотреть на карте ..."
Учтепинский р-н,0170,ARCHA KO'CHA,"Учтепинский р-н, 14-й микрорайон, 14-дом, 13.квПосмотреть на карте ..."
Учтепинский р-н,0173,BESHQAYRAG'OCH,"Учтепинский район, ул.Бешкайрагоч, дом 276Посмотреть на карте ..."
Учтепинский р-н,0179,DEPO MALL,"Учтепинский р-н, ул.Катта Кани, дом 22Посмотреть на карте ..."
Шайхантахурский р-н,0103,SHAYXONTOHUR,Шайхантаурский р-н ул. Фуркат 6.Посмотреть на карте ...
Шайхантахурский р-н,0121,MALIKA BOZOR,"Шайхантахурский рн, улица Лабзак 2, рынок Малика 118-магазинПосмотреть на карте ..."
Шайхантахурский р-н,0133,HUVAYDO,"Шайхантахурский р-н, ул.Хувайдо, 14-домПосмотреть на карте ..."
Шайхантахурский р-н,0148,IBN SINO,"Шайхонтохурский р-н, ул. Ягуб Зиёев, 15 домПосмотреть на карте ..."
Шайхантахурский р-н,0158,ALISHER NAVOIY METRO,"Шайхонтохурский р-н, ул.Навои 69Посмотреть на карте ..."
Шайхантахурский р-н,0165,HUVAYDO 2 BTS,"Шайхантахурский р-н, ул.Беруний, дом 12Посмотреть на карте ..."
Шайхантахурский р-н,0181,GULOBOD,"Шейхонтохурский р-н, ул.Уйгур, дом 4Посмотреть на карте ..."
Шайхантахурский р-н,0183,CHORSU KIYIM BOZOR,"Шайхонтохур р-н, ул.Заркайнар, дом 42Посмотреть на карте ..."
Шайхантахурский р-н,0184,CHORSU GOLD SENTR,"Шайхонтохурский р-н, рынок ЧорсуПосмотреть на карте ..."
Шайхантахурский р-н,0186,TOSHMI CHORRAHA,"Город Шайхонтохур, улица Джара Арика.Посмотреть на карте ..."
Алмазарский р-н,0106,OLMAZOR,"Алмазарский рн, Улица: Талабалар,81/1Посмотреть на карте ..."
Алмазарский р-н,0125,QORASAROY,"Алмазарский район, ул.Карасарой, 2-дом, 39-квПосмотреть на карте ..."
Алмазарский р-н,0131,ESKI SHAHAR,"Алмазарский рн, Улица Лангар 76АПосмотреть на карте ..."
Алмазарский р-н,0137,QORAQAMISH,"Алмазарский р-н, 2-улица ҚарақамишПосмотреть на карте ..."
Алмазарский р-н,0151,KELES YO'LI,"Алмазорский р-н, ул Келесская дорогаПосмотреть на карте ..."
Алмазарский р-н,0163,SEBZOR,"Алмазарский р-н, ул.Себзор, дом 1Посмотреть на карте ..."
Алмазарский р-н,0168,SAG'BON,"Алмазарский р-н, ул.Сагбон, дом 80Посмотреть на карте ..."
Алмазарский р-н,0185,QORAQAMISH 2,"Алмазарский район, Кара-Камыш 2/1, 8дом, кв-25.Посмотреть на карте ..."
Сергелийский р-н,0107,SERGELI,"Сергилийский рн, 8A, 3-дом,74-квПосмотреть на карте ..."
Сергелийский р-н,0143,SERGELI 4-BEKAT,"Сергели р-н, ул Шокир арик, 100 домПосмотреть на карте ..."
Сергелийский р-н,0155,SERGELI MASHINA BOZORI,"Сергелийский район, Сергелийский авторынок, магазин 26Посмотреть на карте ..."
Юнусабадский р-н,0108,YUNUSOBOD (SHAXRISTON),"Юнусабадский р-н, ул.A.Темур, 115А домПосмотреть на карте ..."
Юнусабадский р-н,0111,UNIVERSAM YUNUSOBOD,"Юнусабадский рн, 8-квартал,22-дом, 50-квПосмотреть на карте ..."
Юнусабадский р-н,0126,OLOY,"Юнусабадский район, ул.Кашгарская, 1-дом, 22-квПосмотреть на карте ..."
Юнусабадский р-н,0160,YUNUSOBOD GIDROMITSENTR,"Юнусабадский р-н, ул Азия, 21 домПосмотреть на карте ..."
Юнусабадский р-н,0162,MEGA PLANET BTS,"Юнусабадский р-н, 11-микрорайон, дом 16Посмотреть на карте ..."
Юнусабадский р-н,0169,BODOMZOR,"Юнусабадский район, ул,Богишамол, дом 33 АПосмотреть на карте ..."
Мирабадский р-н,0109,MIROBOD,"Мирабадский район, ул. Афросиоб 6.Посмотреть на карте ..."
Мирабадский р-н,0136,SHIMOLIY VOKZAL,"Мирабадский район, ул. Ойбек 59-1Посмотреть на карте ..."
Мирабадский р-н,0159,YANGI QO'YLIQ,"Мирабадский р-н, ул.Койлик, 16бПосмотреть на карте ..."
Мирабадский р-н,0171,SARAKULKA,"Мирабадский р-н, ул.Мехржон, 45, 79 кв.м.Посмотреть на карте ..."
М.Улугбекский р-н,0110,MAKSIM GORKIY,"Мирзо Улугбекский р-н, ул. Буюк Ипак Йули, 123Посмотреть на карте ..."
М.Улугбекский р-н,0113,PARKENT,"Мизо Улуғбекский р-н, ул. Паркент- 11Посмотреть на карте ..."
М.Улугбекский р-н,0128,TTZ,"Мирзо Улуғбекский рн, улица Буюк Ипак Йўли 481АПосмотреть на карте ..."
М.Улугбекский р-н,0141,MIRZO ULUG'BEK,"Мирзо Улугбекский р-н, ул. Катта Дархон, 1/8Посмотреть на карте ..."
М.Улугбекский р-н,0164,MIRZO ULUG'BEK CHIMGAN,"Мирзо Улугбекский р-н, село Ялангъоч, дом 67Посмотреть на карте ..."
М.Улугбекский р-н,0166,MAKSIM GORKIY 2,"Мирзо Улугбекский р-н, ул.Буюк Ипак ЙулиПосмотреть на карте ..."
М.Улугбекский р-н,0172,S1(MARKAZ),"Мирзо Улугбекский р-н, ул.Буюк Ипак Йули, дом 13Посмотреть на карте ..."
М.Улугбекский р-н,0174,LUNACHARSKIY,"Мирзо Улугбекский р-н, ул.Буюк Ипак Йули, дом 276Посмотреть на карте ..."
М.Улугбекский р-н,0176,MIRZO ULUG'BEK IT-PARK,"Мирзо Улугбекский р-н, ул.Муминова, дом 7, кв 32Посмотреть на карте ..."
Яшнабадский р-н,0112,QO'YLIQ,"Яшнаабадский р-н, ул. Фаргона йули, дом-4,3-квПосмотреть на карте ..."
Яшнабадский р-н,0127,KADISHEVA,"Яшнабадский рн, улица Бешариқ 40-квПосмотреть на карте ..."
Яшнабадский р-н,0145,MAHTUMQULI,"Яшнабадский р-н, ул Махтумкули, 117Посмотреть на карте ..."
Яшнабадский р-н,0149,LISUNOVA,"Яшнабадский р-н, ул Корасув, 33Посмотреть на карте ..."
Яшнабадский р-н,0180,ROHAT,"Яшнабадский район, шоссе Ахонгарон, дом 105Посмотреть на карте ..."
Яшнабадский р-н,0182,KADISHEVA 2,"Яшнабадский р-н, ул.Ависозлар.Посмотреть на карте ..."
Чилонзарский р-н,0114,OQTEPA,"Чиланзарский рн, 7-квартал, 33-квПосмотреть на карте ..."
Чилонзарский р-н,0117,ABU SAXIY,"Бунёдкор К, Е-блок,магазин Е154Посмотреть на карте ..."
Чилонзарский р-н,0120,BEK BARAKA,"Зангиатинский р-н, рынок Бек БаракаПосмотреть на карте ..."
Чилонзарский р-н,0122,CHILONZOR,"Чиланзарский рн, 1-квартал,59-дом,19-квПосмотреть на карте ..."
Чилонзарский р-н,0132,CHO'PONOTA,"Чиланзарский рн, Дилобод МСГ, 6-квартал,44-дом,27-квПосмотреть на карте ..."
Чилонзарский р-н,0139,QATORTOL,"Чиланзарский р-н, ул. Қатортол 1Посмотреть на карте ..."
Чилонзарский р-н,0140,ALGORITM,"Чиланзарский р-н, ул. Гулистон 59-2 домПосмотреть на карте ..."
Чилонзарский р-н,0152,CHILONZOR PARLAMENT,"Чиланзорский р-н, ул Аль-Хорами,17кв, 46Посмотреть на карте ..."
Чилонзарский р-н,0153,BEK BARAKA 2,"Бек барака бозори, 770-магазинПосмотреть на карте ..."
Чилонзарский р-н,0154,DO'STLIK BOZOR,"Достлик рынок, 42-2-35Посмотреть на карте ..."
Чилонзарский р-н,0156,ALGORITM 2,"Чиланзорский р-н, ул Согаллы, 25 домПосмотреть на карте ..."
Чилонзарский р-н,0161,NOVZA BTS,"Чиланзорский р-н, ул Бунёдкор, дом 2аПосмотреть на карте ..."
Чилонзарский р-н,0167,CHILONZOR METRO,"Чиланзарский р-н, 16-й микрорайон, дом 11Посмотреть на карте ..."
Чилонзарский р-н,0175,ALFA SAVDO MARKAZI BTS,Торговый центр АльфаПосмотреть на карте ...
Янги ҳаётский р-н,0134,TASHKENT INDEX,"Янгиҳаятский р-н, ул. Райхон, 107 TashINDEXПосмотреть на карте ..."
Янги ҳаётский р-н,0142,YANGI HAYOT SPUTNIK,"Янги Ҳаятский р-н, ул. Дўстлик, 2АПосмотреть на карте ..."
Янги ҳаётский р-н,0177,YANGI CHOSHTEPA,"Янгиҳайотский район, улица Янги Чочтепа Узара, дом 8Посмотреть на карте ..."
Бектемирский р-н,0178,BEKTEMIR,"Бектемирский р-н, ул.Бектемир, дом 92Посмотреть на карте ..."
г.Чирчик,1002,CHIRCHIQ BOZOR,Алишера Навоий дом-б/н.Посмотреть на карте ...
г.Чирчик,1012,TROISKIY,"г. Чирчик, ул Навои Шох 77в-домПосмотреть на карте ..."
г.Чирчик,1029,OKTYABR,"Город Чирчик, улица Амира Темура, дом 140/4Посмотреть на карте ..."
г.Чирчик,1031,CHIRCHIQ NAVOIY,"г.Чирчик, ул.А.Навой, дом 200Посмотреть на карте ..."
г.Алмалык,1003,OLMALIQ,"г. Алмалык, ул. Фурқат, дом 3-30Посмотреть на карте ..."
г.Алмалык,1027,OYDIN,"г. Алмалык, ул.Улугбека, дом 82Посмотреть на карте ..."
г.Ангрен,1004,ANGREN,"г. Ангрен, ул.Навоий, дом 111Посмотреть на карте ..."
Аккурганский р-н,1006,OQQO'RG'ON,"Аққурганский р-н, улица Ахунбабаева, 14 магазинПосмотреть на карте ..."
г.Янгийуль,1007,YANGIYO'L,"г. Янгийўл, улица Ёшлик 54Посмотреть на карте ..."
г.Бекабад,1008,BEKOBOD,"Бекабадский р-н, ул.Буюк ипак юли, дом 466Посмотреть на карте ..."
г.Бекабад,1030,14-MIKRARAYON,"г. Бекабад, ул.Гафура Гулама, дом 35/2Посмотреть на карте ..."
г.Ахангаран,1009,OHANGORON,"г.Ахангарон, ул.А.Темур, 10 домПосмотреть на карте ..."
г.Нурафшон,1010,NURAFSHON,"Ул. Ташкент йули, дом 85Посмотреть на карте ..."
г.Нурафшон,1036,NURAFSHON MIKRORAYON,"г.Нурафшан, yл.Юксалиш, 19Посмотреть на карте ..."
Кибрайский р-н,1011,QIBRAY,"Кибрайский р-н, ул.А.НавоиПосмотреть на карте ..."
Кибрайский р-н,1017,QIBRAY SELEKSIYA,"Кибрайский р-н, ул.Университетская, дом 37Посмотреть на карте ..."
Кибрайский р-н,1035,DO'RMON,"Кибрайский р-н, ул.Юзробот, дом 214Посмотреть на карте ..."
Паркентский р-н,1013,PARKENT TUMAN,"Паркентский р-н, ул.Мустакиллик, SHOX станцияПосмотреть на карте ..."
г. Газалкент,1014,G'AZALKENT,"Бостикский р-н, ул Ўзгариш, 2/12 домПосмотреть на карте ..."
г. Газалкент,1034,QORONG'U BOZOR,"г. Газалкент, ул.Мустакиллик, 18аПосмотреть на карте ..."
Зангиатинский р-н,1015,ZANGIOTA,"Занготский р-н, Х. Ногмонова 1 домПосмотреть на карте ..."
Зангиатинский р-н,1020,SOLNECHNIY,"Зангиотинский р-н, М 39Посмотреть на карте ..."
Зангиатинский р-н,1022,NAZARBEK,"Зангиатинский р-н, ул.Ак Уй, дом 91Посмотреть на карте ..."
Ташкентский р-н,1016,KELES,"Ташкентский р-н, ул.Келесское шоссе, 179Посмотреть на карте ..."
Ташкентский р-н,1024,KO'KSAROY,"Ташкентская область, Коксаройский МФЮПосмотреть на карте ..."
Юкори чирчикский р-н,1018,YUQORI CHIRCHIQ YANGIBOZOR,"Юкоричирчик р-н, ЯнгибозорПосмотреть на карте ..."
Юкори чирчикский р-н,1026,BARDANKO'L,"Юкоричирчикский р-н, ул.Мирабад, дом 4/2Посмотреть на карте ..."
Пскентский р-н,1019,PISKENT,Пискент тумани Митан МФЙ БОБУР К2 уй АРИНТР ФҲДЁПосмотреть на карте ...
Бекабадский р-н,1021,ZAFAR SHAXAR,"Бекабадский р-н, ул.Мустакиллик, 13-домПосмотреть на карте ..."
Букинский р-н,1023,BO'KA,"Бокинский р-н, ул.МагистральПосмотреть на карте ..."
Янгийульский р-н,1025,GULBAHOR,"Янгиюльский р-н, ул.Шарофа Рашидова, дом 96Посмотреть на карте ..."
Чиназский р-н,1028,CHINOZ,"Район Чиназ, ул.Самарканд, дом 141Посмотреть на карте ..."
Бостанлыкский р-н,1032,XOJIKENT,"Бостанлыкский р-н, квартал Нурчилар, дом 70Посмотреть на карте ..."
Урта-чирчикский р-н,1033,QORASUV (O'RTA CHIRCHIQ),"Ўрта-Чирчикский р-н, ул.Ташкентская дорога, дом 270Посмотреть на карте ..."
Сырдарьинский р-н,2002,BAXT,"Cирдаринский р-н,городок Бахт, улица Улуғйўл 159-домПосмотреть на карте ..."
Сырдарьинский р-н,2013,SIRDARYO,"Сырдарийский р-н, ул.Узбекистан, дом 198Посмотреть на карте ..."
г.Гулистан,2003,GULISTON,"Г.Гулистон, ул.Узбекистан, 3-17Посмотреть на карте ..."
г.Гулистан,2009,GULISTON VOKZAL,"г.Гулистан, ул.Сайхун филиал, 3АПосмотреть на карте ..."
г.Янгиер,2004,YANGIYER,"Янгиерский р-н, ул.ГюльшанПосмотреть на карте ..."
Хавастский р-н,2005,XOVOS,"Ховосский р-н, ул.СамаркандскаяПосмотреть на карте ..."
Баяутский р-н,2006,BOYOVUT,"Баяутский р-н, ул.Маданият Тинчлик, дом 60Посмотреть на карте ..."
г.Ширин,2007,SHIRIN,"Город Ширин, ул.Ибн Сино, дом 1Посмотреть на карте ..."
Окалтынский р-н,2008,OQOLTIN,"Околтинский р-н, ул.Тинчлик, дом 37Посмотреть на карте ..."
Сайхунабадский р-н,2010,SAYXUNOBOD,"Район Сейхунабад, ул.А. Навой, дом 19Посмотреть на карте ..."
Гулистанский р-н,2011,GULISTON TUMAN,"Гулистанский р-н, ул.Туркестан, дом 83Посмотреть на карте ..."
Сардобинский р-н,2012,SARDOBA,"Сардобинский район, ул. ДустликПосмотреть на карте ..."
город Джизак,2502,JIZZAX,"Жиззах шахар, Қассоблик махалласи, Ш.Рашидов кўчаси 303-ДомПосмотреть на карте ..."
город Джизак,2507,OROM,"г. Джизак, ул.Мустакиллик, дом 31, 43 квПосмотреть на карте ..."
город Джизак,2516,JIZZAX MIKRORAYON,"г.Куляя,кв.32,д.58,квПосмотреть на карте ..."
Зааминский р-н,2503,ZOMIN,"Заминский р-н, ул. Мустақиллик 75Посмотреть на карте ..."
Шароф Рашидовский р-н,2504,STANSIYA JIZ,"Шароф Рашидовский р-н, ул. А.Навоий, 15Посмотреть на карте ..."
Галляаральский р-н,2505,G'ALLAOROL,"Галлаорольский р-н, ул.Мустакиллик, дом 13Посмотреть на карте ..."
Пахтакорский р-н,2506,PAXTAKOR,"Пахтакорский р-н, Алтынколь МФМ, 89-домПосмотреть на карте ..."
Дустликский р-н,2508,DO'STLIK,"Дустлик р-н, ул.Сарыскова, дом 7Посмотреть на карте ..."
Мирзачульский р-н,2509,MIRZACHO'L,"Мирзачульский район, Икбол К. 1 дом, кв. 1Посмотреть на карте ..."
Зарбдарский р-н,2510,ZARBDOR,"Зарбдарский р-н, микрорайон Лалмикор, А376Посмотреть на карте ..."
Бахмальский р-н,2511,BAXMAL,"Бахмальский р-н, ул.Мустакиллик, дом 47Посмотреть на карте ..."
Фаришский р-н,2512,FORISH,"Форишский р-н, ул.ФайзиабадПосмотреть на карте ..."
Янгиабадский р-н,2513,YANGIOBOD,"Янгиабадский р-н, ул.Мустакиллик, дом 12Посмотреть на карте ..."
Зафарабадский р-н,2514,ZAFAROBOD,"Зафарабадский р-н, ул.Мустакиллик, дом 2Посмотреть на карте ..."
Арнасайский р-н,2515,ARNASOY,"Арнасайский р-н, ул.Янгизамон, дом 22Посмотреть на карте ..."
г.Самарканд,3001,M BARAKA SAM,Мирсаид Барака дом-8.Посмотреть на карте ...
г.Самарканд,3002,SAGDIANA,Абу Бакр Розий дом-б/н.Посмотреть на карте ...
г.Самарканд,3013,MOTRID QORASUV,"Массив Қорасув, школа №80Посмотреть на карте ..."
г.Самарканд,3016,SAMARKAND SIYOB,"Г. Самарқанд, ул.Рўдакий 277Посмотреть на карте ..."
г.Самарканд,3023,ULUG'BEK,"г.Самарканд, ул.Тошкент трект, 55 а домПосмотреть на карте ..."
г.Самарканд,3028,SAMARQAND,"г.Самарканд, ул.Абу Райхана, дом 196Посмотреть на карте ..."
г.Самарканд,3043,SAMARQAND YANGIBOZOR,"Г.Самарканд, ул.У. ДжуракуловаПосмотреть на карте ..."
г.Самарканд,3045,FIRDAVSIY,"Г.Самарканд, ул.Гагарина, 155Посмотреть на карте ..."
Акдарьинский р-н,3005,OQDARYO,"Ақдарёнский р-н, ул. А.Темур 27Посмотреть на карте ..."
г.Каттакурган,3006,KATTAQO'RG'ON,"Каттакурганский р-н, улица Қорадарё дом 7ДПосмотреть на карте ..."
г.Каттакурган,3046,KATTAQO'RG'ON (NURXON),"Г.Каттакурган, ул.А. Навой, дом 105Посмотреть на карте ..."
Ургутсский р-н,3010,URGUT,Ургутский районПосмотреть на карте ...
Ургутсский р-н,3026,URGUT YANGIBOZOR BTS,"Ургутский р-н, ул.Амира ТемураПосмотреть на карте ..."
Пайарыкский р-н,3011,PAYARIQ(CHELAK),"г. Челак, ул. У юсуповаПосмотреть на карте ..."
Пайарыкский р-н,3037,NARIMON,"Паярикский р-н, ул.Истикбол, дом 2Посмотреть на карте ..."
Джамбайский р-н,3012,JOMBOY,Самаркандский к-си 19-уйПосмотреть на карте ...
Джамбайский р-н,3025,JOMBOY SENTR,"Жомбайский р-н, ул Ташкентская, дом 150Посмотреть на карте ..."
Джамбайский р-н,3036,FARXOD SHAHARCHA,"Джомбойский р-н, город Фарход, дом 3аПосмотреть на карте ..."
Самаркандский р-н,3014,SELSKIY SAM,"Самаркандкий р-н, Улица; Усмон Юсупов 137-квПосмотреть на карте ..."
Самаркандский р-н,3019,SAMARQAND CITY,"Самаркандский р-н, ул. У.Журакулов, 205 домПосмотреть на карте ..."
Самаркандский р-н,3027,OQMASJID,"Самаркандский р-н, ул.Ташкентская, дом 100Посмотреть на карте ..."
Самаркандский р-н,3038,SUPER,"Самаркандский р-н, ул.НарпаскаяПосмотреть на карте ..."
Самаркандский р-н,3039,EHTIYOT QISMLARI BOZORI,"Самаркандский р-н, рынок запчастейПосмотреть на карте ..."
Пастдаргомский р-н,3015,JUMA SHAHAR,"Пастдарғомский район, ул Амир Темур 32-домПосмотреть на карте ..."
Пастдаргомский р-н,3035,CHARXIN,"Пастдаргамский р-н, ул.Мирзо Улугбека, 2Посмотреть на карте ..."
Тайлякский р-н,3017,TOYLOQ,"Тайлакский р-н, ул. Боғичинор, 2 домПосмотреть на карте ..."
Тайлякский р-н,3044,UKRAJ,"Ургутский р-н, квартал Украдж, дом 91Посмотреть на карте ..."
Нарпайский р-н,3018,NARPAY,"Нарпайский р-н, Мирбозор, Саловат МФЙ 2-домПосмотреть на карте ..."
Нуробадский р-н,3020,NUROBOD,"Нурабадский р-н, ул. Амир Темур, 4 домПосмотреть на карте ..."
Иштихонский р-н,3021,ISHTIXON,"Иштиханский р-н, ул. Мустақиллик, 23Посмотреть на карте ..."
Иштихонский р-н,3041,MITAN,"Иштиханский район,Митан МСГ Намуна, ул. А. Темур 3-домПосмотреть на карте ..."
Булунгурский р-н,3022,BULUNG'UR,"Булунгурский р-н, ул. Узбекистан, 1 домПосмотреть на карте ..."
Булунгурский р-н,3042,ZALINA MOST,"Район Булунгур, ул.Лутфий, дом 1Посмотреть на карте ..."
Каттакурганский р-н,3024,PAYSHANBA KATTAQO'RG'ON,"Каттакоргунский р-н, г Пайшанба, ул А.Навои,Посмотреть на карте ..."
Каттакурганский р-н,3040,KADAN,"Каттакурганский р-н, ул. Алишера НавоиПосмотреть на карте ..."
Пахтаачинский р-н,3029,PAXTACHI,"Пахтачинский р-н, г.ЗиевуддинПосмотреть на карте ..."
Кошрабадский р-н,3030,QO'SHROBOT,"Район Кошробот, ул.Бабура, дом 10Посмотреть на карте ..."
г.Фергана,4001,FARG'ONA,Юксалиш дом-28.Посмотреть на карте ...
г.Фергана,4015,FARG'ONA PVZ,"Ферганский город, Шодиёна МСГ,C.Темур кучаси 227А-уйПосмотреть на карте ..."
г.Фергана,4026,Цум,"город Фергана, улица Мустакиллик, дом 50Посмотреть на карте ..."
г.Фергана,4031,QIRGULI,"г. Фергана, ул.Маргилана 11Посмотреть на карте ..."
г.Коканд,4002,QO`QON (CAVUM),Алишера Навоий дом-64.Посмотреть на карте ...
г.Коканд,4011,QO'QON,"Кокандский2 рн, улица Туркистан,220-квПосмотреть на карте ..."
г.Коканд,4029,QO'QON(YANGIBOZOR),"г. Коканд, ул.Усмана Насира, 68-8-1/7Посмотреть на карте ..."
г.Маргилан,4005,MARG'ILON,"г.Маргилон светлое мфй ул. Независимости, 439, 3-магазинПосмотреть на карте ..."
Ташлакский р-н,4008,TOSHLOQ,"Ташлакский рн, улица: Давон 53-квПосмотреть на карте ..."
Ташлакский р-н,4034,TOSHLOQ MARKAZ,ул. А.Наваий дом 172Посмотреть на карте ...
Бешарыкский р-н,4009,BESHARIQ,Бешарикский раён ул. Олтин водий дом 190Посмотреть на карте ...
Бешарыкский р-н,4035,BESHARIQ PEREEZD,Олтин водий 41Посмотреть на карте ...
Узбекистанский р-н,4012,O'ZBEKISTON,"Яйпанский город, улица Туркистон 5Посмотреть на карте ..."
Узбекистанский р-н,4036,O'ZBEKISTON AVG'ONBOG',"Узбекистанский р-н, Аванбог МФОПосмотреть на карте ..."
Алтыарыкский р-н,4013,OLTIARIQ,"Oltiariq tumani chinor tagi koʻchasi 2 uy,Aloqa bank roʻparasiПосмотреть на карте ..."
Алтыарыкский р-н,4037,XAMZA,"Олтиярыкский р-н, ул.Обода махалли, дом 1Посмотреть на карте ..."
Кувинский р-н,4014,QUVA,"Quva tumani,O'zbek ko'chasi 41-uyПосмотреть на карте ..."
Куштепинский р-н,4016,QO'SHTEPA,"Қўштепинский р-н, ул. Мустақиллик, 76-А домПосмотреть на карте ..."
Багдадский р-н,4017,BOG'DOD,"Багдадский р-н, ул Алмаз, 115 домПосмотреть на карте ..."
Багдадский р-н,4033,BOG'DOD SENTR,ул.ОрзуПосмотреть на карте ...
Риштанский р-н,4018,RISHTON,"Риштанский р-н, ул. Ферганa, 9 домПосмотреть на карте ..."
Ферганский р-н,4019,FARG'ONA TUMAN,"Ферганский р-н, ул Маргилон, 49 домПосмотреть на карте ..."
Учкуприкский р-н,4020,UCHKO'PRIK,"Учкоприкский р-н, ул Наврузшоx,Посмотреть на карте ..."
Учкуприкский р-н,4028,YANGIBOZOR(SALANG),"Учкуприкский р-н, ул.СалангаПосмотреть на карте ..."
Бувайдинский р-н,4021,BUVAYDA (YANGIQO'RG'ON),"Бувайдинский р-н, Яникурган кругПосмотреть на карте ..."
Бувайдинский р-н,4032,BUVAYDA 2,"Бувайдинский р-н, ул.Гузара, дом 7Посмотреть на карте ..."
Фуркатский р-н,4022,FURQAT,"Фуркатский р-н, ул Мустакиллик, 18 домПосмотреть на карте ..."
г.Кувасай,4023,QUVASOY,"г.Кувасой, ул.Мустакиллик 7а домПосмотреть на карте ..."
Дангаринский р-н,4024,DANG'ARA,"Дангаринский р-н, ул.Саноат, дом 1Посмотреть на карте ..."
Язьяванский р-н,4025,YOZYOVON,"Язъяванский р-н, ул.Аль-ФергонаПосмотреть на карте ..."
Туракурганский р-н,5007,TO'RAQO'RG'ON,Туракурганский район. улица Ал-Фаргоний дом 56 АПосмотреть на карте ...
Касансайский р-н,5008,KOSONSOY,Касансайский р-н. ул Гулабад Ор-р: ВатанпарварПосмотреть на карте ...
г.Наманган,5009,NAMANGAN,"Наманганский город,6-микрораён, улица: Ғалаба  2-квПосмотреть на карте ..."
г.Наманган,5014,NAMANGAN LOLA,"Наманганский город,Лола МСГ, улица: Бобуршох 6в-домПосмотреть на карте ..."
г.Наманган,5017,SARDOBA NAMAN,"г.Наманган, ул.А.Навоий, 10 домПосмотреть на карте ..."
г.Наманган,5021,CHORSU,"г.Наманган, ул.Уйчи, дом 2Посмотреть на карте ..."
Чустский р-н,5010,CHUST,"г.Чуст, ул.Ипак йўли 7Посмотреть на карте ..."
Учкурганский р-н,5011,UCHQO'RG'ON,"Uchqo'rg'on tumani, Do'stlik ko'chasi 34-uyПосмотреть на карте ..."
Уйчинский р-н,5012,UYCHI,Namangan viloyati Uychi tumani Beruniy ko'chasi 10-uy. Mo'ljal Soliq va Moliya ro'parasiПосмотреть на карте ...
Мингбулакский р-н,5013,MINGBULOQ,Mingbuloq IIBПосмотреть на карте ...
Янгикурганский р-н,5015,YANGIQO'RG'ON,"Янгикурганский р-н,улица Чорток 11-домПосмотреть на карте ..."
Чартакский р-н,5016,CHORTOQ,"Чартакский р-н, ул. Наманган, 4Посмотреть на карте ..."
Папский р-н,5018,POP,"Попский р-н, ул Шаббода, 27 домПосмотреть на карте ..."
Нарынский р-н,5019,NORIN,"Нарынский р-н, ул.Беруний, дом 20Посмотреть на карте ..."
Нарынский р-н,5022,NORIN 2,"Нарынский р-н, ул.Сой Бойи,Посмотреть на карте ..."
Наманганский р-н,5020,NAMANGAN TUMAN,"Наманганский р-н, ул.Нурафшона, дом 50Посмотреть на карте ..."
г.Андижан,6001,AVTOVOKZAL AND,ул. Амира Темура дом-13.Посмотреть на карте ...
г.Андижан,6006,ESKI SHAHAR AND,"г. Андижан, село Мустакиллик Шох  8 и 2/10Посмотреть на карте ..."
г.Андижан,6011,ANDIJON 1-MKR,"Андижон шахар,1-микрорайон 8-уй Ориентир Фуркат больницасиПосмотреть на карте ..."
г.Андижан,6017,ANDIJON 2-MIKRARAYON,"г. Андижан, 2-й микрорайон, улица Нодира, 1БПосмотреть на карте ..."
г.Андижан,6034,ANDIJON 3-MKR,"г.Андижан, ул.Бабур, дом 2аПосмотреть на карте ..."
Избасканский р-н,6005,IZBOSKAN,"Избосканский р-н, г.Пойтуг, ул. Нақшбанд, 5 домПосмотреть на карте ..."
Избасканский р-н,6028,CHUVAMA,"Избосканский р-н, село Чувама, Топчинор 10Посмотреть на карте ..."
Пахтаабадский р-н,6007,PAXTAOBOD,"Пахтабадский р-н, ул.Амира Темура, 70Посмотреть на карте ..."
Пахтаабадский р-н,6027,MADANIYAT,"Пахтаабадский р-н, ул.Майбогча, дом 2Посмотреть на карте ..."
Асакинский р-н,6008,ASAKA,Умид к 41 уй.Посмотреть на карте ...
Асакинский р-н,6022,ASAKA 2,"Асака р-н, ул.Хумо, 2Посмотреть на карте ..."
Шахриханский р-н,6009,SHAXRIXON,"Шахриханский р-н, ул.Хамза дом 1. Ор-р: ресторан ""Акшамнур""Посмотреть на карте ..."
Шахриханский р-н,6025,YANGI SHAHRIXON,"Шахриханский район, улица Чинобода, 7Посмотреть на карте ..."
Мархаматский р-н,6012,MARHAMAT,"Мархаматский раён, улица Бобуршох 45Посмотреть на карте ..."
Мархаматский р-н,6031,POLVONTOSH,"Мархаматский р-н, г.Полвонташ, ул.БабураПосмотреть на карте ..."
Ходжаабадский р-н,6013,XO'JAOBOD,"Хожабадаский раён, улица Узун-кучаПосмотреть на карте ..."
Андижанский р-н,6014,ANDIJON TUMANI,"Андижанский р-н, улица Найман, 17-домПосмотреть на карте ..."
Андижанский р-н,6032,KAMOLOT,"Андижанский р-н, ул.Сайфиобод, дом 15Посмотреть на карте ..."
Андижанский р-н,6033,KUYGANYOR,"Андижанский р-н, ул.Водия, дом 187Посмотреть на карте ..."
Андижанский р-н,6035,ANDIJON TELVIZYONNIY,"Андижанский район, улица Тельвизённый, дом 30Посмотреть на карте ..."
Булакбашинский р-н,6015,BULOQBOSHI,"Булакбашинский р-н, ул. М.Исмаилий 63Посмотреть на карте ..."
Кургантепинский р-н,6016,QO'RG'ONTEPA,"Кургантепинский р-н, ул. Мустақиллик, 285 домПосмотреть на карте ..."
Кургантепинский р-н,6030,QORASUV,"г.Карасув, ул.Ўқитувчилар, 2Посмотреть на карте ..."
Балыкчинский р-н,6018,BALIQCHI,"Балыкчинский р-н, ул.Бобуршоx, дом 67Посмотреть на карте ..."
Балыкчинский р-н,6024,CHINOBOD,"Баликчинский р-н, ул.Намуна, дом 134Посмотреть на карте ..."
Джалакудукский р-н,6019,JALAQUDUQ,"Джалакудукский р-н, ул.Дильхуш, дом 19Посмотреть на карте ..."
Джалакудукский р-н,6029,OYIM,"Джалакудукский р-н, ул.Кучкора Турдиева, дом 4Посмотреть на карте ..."
Алтынкульский р-н,6020,OLTINKO'L,"Алтынкольский р-н, ул.Марказ, дом 53Посмотреть на карте ..."
г.Ханабад,6021,XONOBOD,"Ханабадский р-н, ул.Обод, дом 26Посмотреть на карте ..."
Бозский р-н,6023,BO'Z,"Бозский р-н, ул.Акамла Икромова, дом 2Посмотреть на карте ..."
Улугнорский р-н,6026,ULUG'NOR,"Улугнарский район, ул.Шахриобод, дом 20Посмотреть на карте ..."
г.Карши,7001,QARSHI,Шохбекат дом-1А.Посмотреть на карте ...
г.Карши,7005,QARSHI (YANGIBOZOR),"ул. Карлибогот, 1-202Посмотреть на карте ..."
г.Карши,7028,QARSHI PEDINSTITUT,"Г.Карши, ул.Амира Темура, дом 110Посмотреть на карте ..."
г.Карши,7029,QARSHI ESKI SHAHAR,"г.Карши, ул.Ислама Каримова, дом 347.Посмотреть на карте ..."
г.Шахрисабз,7003,SHAHRISABZ,"г. Шахрисабз, ул Ипак юли дом 360 Ор-р: МечетПосмотреть на карте ..."
г.Шахрисабз,7017,SHAHRISABZ TOJMAHAL,"г. Шахрисабз, ул.Ипак Йули, 278Посмотреть на карте ..."
Чиракчинский р-н,7006,CHIROQCHI,"Чиракчинский р-н, ул. МустақилликПосмотреть на карте ..."
Чиракчинский р-н,7022,JAR,"Район Чиракчи, ул,.Джар, дом 45Посмотреть на карте ..."
Китабский р-н,7007,KITOB,"Китабский район, улица Г. Джораева, 21Посмотреть на карте ..."
Китабский р-н,7024,ESKI RADDOM,"Китабский р-н, ул.Генерала Жораева, дом 87Посмотреть на карте ..."
Мубарекский р-н,7008,MUBORAK,"Муборакский район, улица Бегзод 4Посмотреть на карте ..."
Мубарекский р-н,7021,2-MIKRARAYON,"Мубаракский р-н, 2-й малый районный дачный кварталПосмотреть на карте ..."
Каршинский р-н,7009,BESHKENT,"Каршинский р-н, ул. Мустақиллик, 41 домПосмотреть на карте ..."
Каршинский р-н,7027,YERQO'RG'ON,"Каршинский р-н, ул.Узуннаво, дом 346Посмотреть на карте ..."
Гузарский р-н,7011,G'UZOR,"Гузарский р-н, ул. Ўзбекистан, 57Посмотреть на карте ..."
Гузарский р-н,7020,G'UZOR YANGI BOZOR,"Гузорский р-н, ул.Чорвадорлар, дом 1Посмотреть на карте ..."
Касанский р-н,7012,KOSON,"Косонский р-н, ул. Мустакиллик, 15 домПосмотреть на карте ..."
Нишанский р-н,7013,NISHON,"Нишанский р-н, ул. Узбекистан, 10 домПосмотреть на карте ..."
Яккабагский р-н,7014,YAKKABOG`,"Яккабогский р-н, ул, Амир Темур, 25Посмотреть на карте ..."
Яккабагский р-н,7023,ECO BOZOR,"Яккабахский р-н, ул.Айгиркуль, дом 212Посмотреть на карте ..."
Шахрисабзский р-н,7015,CHORSHANBE SHAHRISABZ,"Шахрисабзский р-н, ул, Зилол, 1 домПосмотреть на карте ..."
Камашинский р-н,7016,QAMASHI,"Камашинский р-н, ул.Амира ТемураПосмотреть на карте ..."
Камашинский р-н,7026,CHIM,"Камашинский р-н, ул.Орта Чима, дом 721Посмотреть на карте ..."
Кўкдалинский р-н,7018,KO'KDALA,"Кокдалинский р-н, ул.Еркива Вохидова, дом 38Посмотреть на карте ..."
Дехканабадский р-н,7019,DEHQONOBOD,"Дехканабадский р-н, ул.Гулистан, дом 40Посмотреть на карте ..."
Касбинский р-н,7025,KASBI,"Касбийский р-н Мугланский ҚФЙ, 3-й микрорайон, дом 5, квартира 1Посмотреть на карте ..."
Миришкорский р-н,7030,JEYNOV,"Миришкорский р-н, село ДжейновПосмотреть на карте ..."
г.Термез,7501,TERMIZ,Алишера Навоий дом-21/31.Посмотреть на карте ...
г.Термез,7508,TERMIZ SENTR,"Город Термез, Центр Карпов бозориПосмотреть на карте ..."
г.Термез,7515,TERMIZ VOZKAL,"г.Термез, улица Ибн Сина, дом 29Посмотреть на карте ..."
Денаусский р-н,7502,DENOV,"ул.Ш.Рашидов, 176-домПосмотреть на карте ..."
Джаркурганский р-н,7503,JARQO'RG'ON,Tuman hokimligi yoniПосмотреть на карте ...
Джаркурганский р-н,7514,SURXON,"Жаркурганский р-н, ул.Мукими, дом 1.Посмотреть на карте ..."
Ангорский р-н,7504,ANGOR,"сурхандаринский област, Ангорский р-н, улица Ат ТермизийПосмотреть на карте ..."
Кумкурганский р-н,7505,QUMQO'RG'ON,"Кумкурганский р-н, улица А.Навоий, дом 19АПосмотреть на карте ..."
Шерабадский р-н,7506,SHEROBOD,"Шерабадский р-н, улица МустақилликПосмотреть на карте ..."
Шурчинский р-н,7507,SHO'RCHI,"Шўрчинский р-н, улица Амир Темур, 53-Б домПосмотреть на карте ..."
Сарыассийский р-н,7509,SARIOSIYO,"Сариосийский p-н, ул.Мирзо УлугбекПосмотреть на карте ..."
Кизирикский р-н,7510,QIZIRIQ,"Кызырыкский р-н, ул.БархаётаПосмотреть на карте ..."
Байсунский р-н,7511,BOYSUN,"ул.Истиклол, Байсунский р-н, 9Посмотреть на карте ..."
Узунский р-н,7512,UZUN,"Узунский р-н, ул.ЁшликПосмотреть на карте ..."
Алтынсайский р-н,7513,OLTINSOY,"Олтинсойский р-н, ул.Олтиндала, дом 10Посмотреть на карте ..."
г.Бухара,8001,BUXORO,"Бухарский город, улица Бахоуддина Накшбандий дом-309/1.Посмотреть на карте ..."
г.Бухара,8003,BUXORO  5-MKR,"Город Бухара, ул. А.Сомий 6А-17Посмотреть на карте ..."
г.Бухара,8005,BUXORO GORGAZ,"г.Бухара, ул.Mустакиллиги, 33 домПосмотреть на карте ..."
г.Бухара,8008,BUXORO VOKZAL,"Buxoro shahar O.Eshonov ko'chasi 10-uy,9-xonadonПосмотреть на карте ..."
г.Бухара,8018,BUXORO RAYMAG,Возле плов центр Мо СалахПосмотреть на карте ...
г.Бухара,8020,CHINAR MALL,"г.Бухара, ул.Алпомиш, дом 203Посмотреть на карте ..."
г.Бухара,8025,FAYZOBOD,г. Ашхабад у 1-7-7-квПосмотреть на карте ...
г.Бухара,8026,DILKUSHO,"ул.Дилькушо, длм 268Посмотреть на карте ..."
г.Бухара,8029,BUXORO KRITIY,"г. Бухара, улица И. Муминова, 24Посмотреть на карте ..."
г.Каган,8007,KOGON,"Каганcкий город, ул: Бухорошох 19-дом, 1-квПосмотреть на карте ..."
г.Каган,8013,KOGON VOKZAL,"г. Каган, ул. Маҳмуд Торобий, 49 дом 3Посмотреть на карте ..."
Вабкентский р-н,8009,VOBKENT,"Вабкентский рн, Улица Ал-БухорийПосмотреть на карте ..."
Гиждуванский р-н,8010,G'IJDUVON,"Ғиждуванский рн, улица Юсуф Хамадоний 74Посмотреть на карте ..."
Гиждуванский р-н,8023,G'IJDUVON 2,"Гиждуванский р-н, ул.Улугбека, дом 130Посмотреть на карте ..."
Бухарский р-н,8011,GALAOSIYO BUXORO,"Бухарский р-н,город Галаосиё, ул. Буюк ипак йўли, 21Посмотреть на карте ..."
Бухарский р-н,8024,MADANIYAT CHORAXXA,"Бухарский р-н, ул.М. КаримовПосмотреть на карте ..."
Джандарский р-н,8012,JONDOR,"Жондорский р-н,улица Махмуд Торобий 209-домПосмотреть на карте ..."
Джандарский р-н,8027,JONDOR 2,"Джондорский р-н, ул.Навгеди, дом 1Посмотреть на карте ..."
Пешкунский р-н,8014,PESHKU,"Пешкуский р-н, ул. Янги базар, 2 домПосмотреть на карте ..."
Каракульский р-н,8015,QORAKO'L,"Каракольский р-н, ул Улугбек, 48 домПосмотреть на карте ..."
Шафирканский р-н,8017,SHOFIRKON,"Шафирконский р-н, ул НавоиПосмотреть на карте ..."
Рамитанский р-н,8019,ROMITAN,"Ромитанский р-н, ул.Нурафшон, дом 6Посмотреть на карте ..."
Караулбазарский р-н,8021,QOROVULBOZOR,"Коровулбазарский р-н, ул.Навои, дом 12Посмотреть на карте ..."
Алатский р-н,8022,OLOT,"Олотский р-н, ул.Олот, дом 13Посмотреть на карте ..."
Каганский р-н,8028,YANGI HAYOT,"Каганский р-н, ул.Амира Темура, дом 63Посмотреть на карте ..."
Карманинский р-н,8507,KARMANA,"Карманинский рн, Талқоқ МСГ, Улица: Кулоллар 8Посмотреть на карте ..."
г.Навойи,8508,NAVOIY,"г.Навои ул. И.Каримова, 120А-92Посмотреть на карте ..."
г.Навойи,8509,NAVOI (VOSXOD),г.Навои ул.Энергетическая дом-1. кв-7Посмотреть на карте ...
г.Навойи,8517,NAVOIY (YANGIBOZOR),"г. Навои, Центральный дехканский базарПосмотреть на карте ..."
г.Навойи,8522,NAVOIY (SHODLIK),"г.Навои, ул.Шодлик, дом 1Посмотреть на карте ..."
Кызылтепинский р-н,8511,QIZILTEPA,"Қизилтепа тумани, Торговый центр ""Созлаб ол""Посмотреть на карте ..."
Кызылтепинский р-н,8518,QIZILTEPA (VANG'OZI),"Кызылтепинский район, ул. ВангозиПосмотреть на карте ..."
Навбахорский р-н,8512,NAVBAHOR,"Навоий, Навбаҳорский раён, Марказий БешработПосмотреть на карте ..."
г.Заравшан,8513,ZARAFSHON,3-микрораёнПосмотреть на карте ...
г.Заравшан,8520,13-MIKRARAYON,"город Зарафшан, 13-й микрорайон, дом 77Посмотреть на карте ..."
Нуратинский р-н,8514,NUROTA,"Нуратинский р-н, ул,У.Юсупова, 69 домПосмотреть на карте ..."
Нуратинский р-н,8519,G'OZG'ON,"Нуратинский р-н, ул.Мустакилликский, дом 65Посмотреть на карте ..."
Хатырчинский р-н,8515,XATIRCHI,"Хатырчинский р-н, ул. Навбахор, 106 домПосмотреть на карте ..."
г.Учкудук,8516,UCHQUDUQ,"Учкудукский р-н, ул. А.Темур, 37-БПосмотреть на карте ..."
Канимехский р-н,8521,KONIMEX,"Канимеxcкий р-н, ул. Ибн СиноПосмотреть на карте ..."
г.Ургенч,9001,URGANCH,Аль-Хоразмий дом-62.Посмотреть на карте ...
г.Ургенч,9003,URGANCH 4-MKR,"Ургенчский город, улица Зарбулоқ 1-дом,26-квПосмотреть на карте ..."
г.Ургенч,9016,URGANCH YANGI TUNEL,"г. Ургенч, ул.Йогду, дом 12АПосмотреть на карте ..."
г.Хива,9002,XIVA,"город Хива, Янги Хаёт, ул. А.ТемурПосмотреть на карте ..."
г.Хива,9013,XIVA (STADION),"г.Хива, ул.Феруз, дом 98Посмотреть на карте ..."
Тупраккалинский р-н,9004,TUPROQQAL'A,"Тупроққалъинский р-н, ул. Огаҳий, дом 3, 18 кв.Посмотреть на карте ..."
Ханкинский р-н,9005,XONQA,"Хонқайский р-н, улица Мустақиллик, дом 5Посмотреть на карте ..."
Гурленский р-н,9006,GURLAN,"Гурланский р-н, ул. МустакилликПосмотреть на карте ..."
Хазараспский р-н,9007,XAZORASP,"Харозаспский р-н, ул. Офтоб, 107 домПосмотреть на карте ..."
Хазараспский р-н,9014,XAZORASP MARKAZ,"Хазораспский р-н, ул.НавоиПосмотреть на карте ..."
Багатский р-н,9008,BOG'OT,"Боготский р-н, ул.Узбекистан, 62 домПосмотреть на карте ..."
Кушкупырский р-н,9009,QO'SHKO'PIR,"Кошкопирский р-н, ул Шарофа Рашидова, 27 домПосмотреть на карте ..."
Шаватский р-н,9010,SHOVOT,"Шаватский р-н, ул Марифат, 2 домПосмотреть на карте ..."
Янгибазарский р-н,9011,YANGIBOZOR XORAZM,"Янгибазарский р-н, ул.ШаршараПосмотреть на карте ..."
Янгиарыкский р-н,9012,YANGIARIQ,"Янгиарикский р-н, ул.Аль-Хорезмий, 18а домПосмотреть на карте ..."
Ургенчский р-н,9015,URGANCH TUMAN,ул. Мустақиллик дом 28Посмотреть на карте ...
г.Нукус,9501,NUKUS,ул. Татибаева дом-б/н. 22Посмотреть на карте ...
г.Нукус,9504,NUKUS 26-MKR,"Город Нукус, улица Пиржан Сейтов 1А-дом,44-квПосмотреть на карте ..."
Кунградский р-н,9502,QO'NG'IROT,Беруний. б/н.Посмотреть на карте ...
Кунградский р-н,9514,QO'NG'IROT 2,"Кунгиратский р-н, ул.Нурмухаммедова, дом 61Посмотреть на карте ..."
Берунийский р-н,9503,BERUNIY,35-maktab ro'parasiПосмотреть на карте ...
Берунийский р-н,9515,BERUNIY BOZOR,"Берунийский р-н, ул.КурувчиларПосмотреть на карте ..."
Амударьинский р-н,9505,AMUDARYO,"Амударинский р-н, ул. Тадбиркорлар, 11Посмотреть на карте ..."
Турткульский р-н,9506,TO'RTKO'L,"Торткольский р-н, ул К. Атаниязова, дом 42Посмотреть на карте ..."
Элликкалинский р-н,9507,ELLIK QAL'A,"Эллик Калинский р-н, ул Халклар ДустлигиПосмотреть на карте ..."
Тахиаташский р-н,9509,TAXIATOSH,"Тахиаташский район, улица Камолот, дом 35-АПосмотреть на карте ..."
Ходжейлийский р-н,9510,XO'JAYLI,"Ходжалинский р-н, ул.Тандирчи, дом 32Посмотреть на карте ..."
Чимбайский р-н,9511,CHIMBOY,"Чимбойский р-н, ул.Олтина Босага, дом 63Посмотреть на карте ..."
Кегейлийский р-н,9512,KEGEYLI,"Кегейлинский р-н, ул.Дустлик Гузари, 106-домПосмотреть на карте ..."
Кандикульский р-н,9513,QANLIKO'L,"Канлыкульский район, ул.Дустлик, дом 63Посмотреть на карте ..."
